﻿<?xml version="1.0" encoding="UTF-8"?>
<ConfigDumpInfo xmlns="http://v8.1c.ru/8.3/xcf/dumpinfo" xmlns:xen="http://v8.1c.ru/8.3/xcf/enums" xmlns:xs="http://www.w3.org/2001/XMLSchema" xmlns:xsi="http://www.w3.org/2001/XMLSchema-instance" format="Hierarchical" version="2.20">
	<ConfigVersions>
		<Metadata name="AccumulationRegister.ВыпускГотовойПродукции" id="bb6d490d-71d7-4109-83d1-de71c0476149" configVersion="e0f8654af7a7754d8bf8dcf8fef8721b00000000">
			<Metadata name="AccumulationRegister.ВыпускГотовойПродукции.Resource.Количество" id="3c8cac4e-24f9-4460-b97e-e948863b4412"/>
			<Metadata name="AccumulationRegister.ВыпускГотовойПродукции.Dimension.Номенклатура" id="df260aa2-c258-40ff-a161-a9afe4af0401"/>
		</Metadata>
		<Metadata name="AccumulationRegister.РасчетСебестоимости" id="262f322c-dcf2-40ac-a4d2-171f5b1bbb58" configVersion="850e2d63855d1446ba48127235bae3eb00000000">
			<Metadata name="AccumulationRegister.РасчетСебестоимости.Dimension.Трудозатраты" id="242ec8d5-8700-45f9-a6d6-fab9be581e3f"/>
			<Metadata name="AccumulationRegister.РасчетСебестоимости.Resource.ТрудозатратыСумма" id="248be8c8-9552-45ae-800f-c168d7e5ace2"/>
			<Metadata name="AccumulationRegister.РасчетСебестоимости.Dimension.Номенклатура" id="c44ead95-12e8-48da-8f5e-95b75223069c"/>
			<Metadata name="AccumulationRegister.РасчетСебестоимости.Dimension.Материалы" id="c6229dd1-783c-4578-b34d-f6a0d1bfc5a1"/>
			<Metadata name="AccumulationRegister.РасчетСебестоимости.Resource.Сумма" id="c95d2a8c-5b3b-4b6a-b409-967a206c4ca6"/>
		</Metadata>
		<Metadata name="AccumulationRegister.СкладГотовойПродукции" id="9031ea64-03df-45d3-a7c9-74ae015b0e87" configVersion="a92fd1afd902694db4379f2e46833d9700000000">
			<Metadata name="AccumulationRegister.СкладГотовойПродукции.Dimension.Склад" id="166580e8-7c43-4e58-9162-d665eb0fb16a"/>
			<Metadata name="AccumulationRegister.СкладГотовойПродукции.Dimension.Номенклатура" id="2c005524-a3e2-4df5-80fb-543fc8e773e2"/>
			<Metadata name="AccumulationRegister.СкладГотовойПродукции.Resource.Количество" id="5fb4b05d-1cd6-487e-abf9-454b769e44b8"/>
		</Metadata>
		<Metadata name="AccumulationRegister.СкладМатериалов" id="dc9cc941-91e3-4b16-a497-329b29e78c35" configVersion="99e7a9782072a840ac7a62eb4e76fdeb00000000">
			<Metadata name="AccumulationRegister.СкладМатериалов.Resource.Количество" id="60d54fba-e696-4ed9-9b1a-0a56be5d14d6"/>
			<Metadata name="AccumulationRegister.СкладМатериалов.Dimension.Номенклатура" id="7c4a8fc0-9ea5-4548-9b24-f585b6565935"/>
			<Metadata name="AccumulationRegister.СкладМатериалов.Dimension.Склад" id="b79834b2-f884-46ae-8f73-189a24d43533"/>
		</Metadata>
		<Metadata name="Catalog.Номенклатура" id="13c315c9-2003-4635-995a-4ef2a8f4be24" configVersion="c754f0065703a040b2a45c7a87af395a00000000">
			<Metadata name="Catalog.Номенклатура.Attribute.Единица_измерения" id="0720fe39-6c71-4de5-b173-ec2001a17ba1"/>
			<Metadata name="Catalog.Номенклатура.Attribute.Картинка" id="34935ae5-4a27-4b68-8632-71c3fbe398bb"/>
			<Metadata name="Catalog.Номенклатура.Attribute.Тип" id="76e8199a-16cd-4165-8b8f-29b4f1088188"/>
		</Metadata>
		<Metadata name="Catalog.Номенклатура.Form.ФормаЭлемента" id="aa4d4473-17e1-49fa-9329-94573561f179" configVersion="1bc87521d4ba3a4a894f43107b12d4cc00000000"/>
		<Metadata name="Catalog.Номенклатура.Form.ФормаЭлемента.Form" id="aa4d4473-17e1-49fa-9329-94573561f179.0" configVersion="eda51a8211e18441939a709c726dcba400000000"/>
		<Metadata name="Catalog.Номенклатура.Form.ФормаЭлемента1" id="7148202c-f214-4af6-9496-13383576be77" configVersion="90b7d5250829f248a9acf84b71537f1c00000000"/>
		<Metadata name="Catalog.Номенклатура.Form.ФормаЭлемента1.Form" id="7148202c-f214-4af6-9496-13383576be77.0" configVersion="9553370ace06a1498d74990e36cd08e500000000"/>
		<Metadata name="Catalog.Номенклатура.Predefined" id="13c315c9-2003-4635-995a-4ef2a8f4be24.1c" configVersion="1d8802b8a096e541960702ce370e400f00000000"/>
		<Metadata name="Catalog.Оборудование" id="30f5347a-fb1c-46b0-9f75-aad64c57a30f" configVersion="46cdf8c4913da24a870e2e1187c37c1000000000"/>
		<Metadata name="Catalog.Рабочая_бригада" id="d1495c18-97f8-42bd-81ce-92db3ddad7ce" configVersion="feb5ec93e3bb834e968fef7a29638f6900000000"/>
		<Metadata name="Catalog.СкладГотовойПродукции" id="45e4df14-35c4-4e1d-a65c-739c140def35" configVersion="a5b53e59a14c014ba11d27fccb83027900000000"/>
		<Metadata name="Catalog.СкладМатериалов" id="7613ddc8-0d04-491c-be95-f0f2f9c76a42" configVersion="c83680cb6d3b2848a60341887c36b1e600000000"/>
		<Metadata name="Catalog.Спецификации" id="514035d4-06fe-4700-b8cd-1aa18ac3bef1" configVersion="ed278835518e874c838fe00de98b24f400000000">
			<Metadata name="Catalog.Спецификации.TabularSection.ТрудозатратыПоЭтапам.Attribute.ТребуемоеВремяВыполнения" id="007715db-95b7-4586-aa38-bd017c74eeef"/>
			<Metadata name="Catalog.Спецификации.TabularSection.Материалы.Attribute.Этап" id="02e5fb20-6600-46b7-8bcf-4fad3047940b"/>
			<Metadata name="Catalog.Спецификации.TabularSection.ТрудозатратыПоЭтапам.Attribute.ВидРабот" id="1e464adc-ba5b-4a49-9afe-26ddf11466dc"/>
			<Metadata name="Catalog.Спецификации.TabularSection.Материалы.Attribute.Материал" id="2bb0db55-6f53-4c7d-b39d-2c953be9f96c"/>
			<Metadata name="Catalog.Спецификации.TabularSection.Материалы.Attribute.Спецификация" id="48a96204-eb97-4450-ae31-2927c2a7df6e"/>
			<Metadata name="Catalog.Спецификации.Attribute.Единица_измерения" id="6ad38e37-04f2-4da7-8431-6186ea75cd19"/>
			<Metadata name="Catalog.Спецификации.TabularSection.ТрудозатратыПоЭтапам" id="8ed35a36-5ede-457c-998c-c347271ae1ba"/>
			<Metadata name="Catalog.Спецификации.TabularSection.Материалы" id="aa35ddfe-2e86-4330-a71f-1c2dc3dc247c"/>
			<Metadata name="Catalog.Спецификации.Attribute.Количество" id="bddfcc60-eee0-437b-85df-e0084be1fc0b"/>
			<Metadata name="Catalog.Спецификации.TabularSection.Материалы.Attribute.Единица_Измерения" id="c3d62198-d782-40aa-8eed-65b0987163b0"/>
			<Metadata name="Catalog.Спецификации.Attribute.Статус" id="d13ec010-7e29-4322-b821-83f35b0093e2"/>
			<Metadata name="Catalog.Спецификации.TabularSection.Материалы.Attribute.Количество" id="e932c644-38a2-41d7-93e8-ce4edd7f1977"/>
			<Metadata name="Catalog.Спецификации.Attribute.Выходное_изделие" id="ff62576a-81b5-45d7-b13c-bbbe61d61762"/>
		</Metadata>
		<Metadata name="Catalog.Спецификации.Form.ФормаЭлемента" id="75bd4804-f6e2-4073-915f-d0f529709f56" configVersion="a8ea943f4868ff4e8fdead14cc7a7a2500000000"/>
		<Metadata name="Catalog.Спецификации.Form.ФормаЭлемента.Form" id="75bd4804-f6e2-4073-915f-d0f529709f56.0" configVersion="db8379994b6d2a459af209e6dd69074d00000000"/>
		<Metadata name="Catalog.Спецификации.ObjectModule" id="514035d4-06fe-4700-b8cd-1aa18ac3bef1.0" configVersion="45274a3c5f234c49b8596169a83c755d00000000"/>
		<Metadata name="Catalog.СтоимостьЧаса" id="603c646b-676a-4a48-88ab-e4ade89a54c8" configVersion="a337c791b409124788a03a0b5899501b00000000">
			<Metadata name="Catalog.СтоимостьЧаса.Attribute.СтоимостьЧаса" id="b6ca83d1-4e34-4bbe-90a9-4b1dd8137b1f"/>
		</Metadata>
		<Metadata name="Catalog.Цех" id="f8857620-1874-4932-8e8f-31603de4190a" configVersion="72de18b64414dd4187a0537830ccd80300000000"/>
		<Metadata name="Catalog.Этапы" id="dfc70327-5f54-4338-b0ba-5ac1a8ae62b5" configVersion="5bfe4ca5ae6edc45bf22361927b6631a00000000"/>
		<Metadata name="CommonForm.ФормаПолученияIssue" id="f7ac333c-b120-4001-a108-67e2171bbbe0" configVersion="432b9e53d2f9b447b30339b894de9ea000000000"/>
		<Metadata name="CommonForm.ФормаПолученияIssue.Form" id="f7ac333c-b120-4001-a108-67e2171bbbe0.0" configVersion="fdf92d4ed8000e41ac55b18655d4a3a100000000"/>
		<Metadata name="CommonModule.Клиентский" id="a1a37921-a09b-4d16-8515-7c112ed5547d" configVersion="f4cf6b3bc42f434fa75d9b05e05bed1100000000"/>
		<Metadata name="CommonModule.Клиентский.Module" id="a1a37921-a09b-4d16-8515-7c112ed5547d.0" configVersion="ef777eac8efdc54480b993f94b6c58ee00000000"/>
		<Metadata name="CommonModule.Серверный" id="91511d6a-05cb-4abf-b169-9c92f3c68b6e" configVersion="02d3cac2edb85a4f8e024b05ce3e960900000000"/>
		<Metadata name="CommonModule.Серверный.Module" id="91511d6a-05cb-4abf-b169-9c92f3c68b6e.0" configVersion="35b8a3fdcf62034d80b23fff5c8edfac00000000"/>
		<Metadata name="CommonPicture.Вода" id="c9802bf0-defa-4fe2-b1df-cc80037b7777" configVersion="a75896505b62514788e7fdb42b2bad6d00000000"/>
		<Metadata name="CommonPicture.Вода.Picture" id="c9802bf0-defa-4fe2-b1df-cc80037b7777.0" configVersion="825aaf1f0a7f284490e74ac030734eb100000000"/>
		<Metadata name="CommonPicture.Сок" id="a74c09d1-f311-46c3-8921-8f13d0ca34af" configVersion="ebb56ea1a073b945bdae68e5f31adc9900000000"/>
		<Metadata name="CommonPicture.Сок.Picture" id="a74c09d1-f311-46c3-8921-8f13d0ca34af.0" configVersion="44c73f456315f041b67bdcb035fc468600000000"/>
		<Metadata name="CommonPicture.Фрукты" id="c082cea6-0d8c-4fa7-ad92-2dfd0dac11c3" configVersion="678df9b4bd98ee409a0809230bbc60fd00000000"/>
		<Metadata name="CommonPicture.Фрукты.Picture" id="c082cea6-0d8c-4fa7-ad92-2dfd0dac11c3.0" configVersion="5e02de9dff201c4a9e5f7f9d5fa275d200000000"/>
		<Metadata name="Configuration.Конфигурация" id="c1486c42-d978-4626-bf78-a1be2de02dad" configVersion="a3c877a7f0088e4e8061c17921f0e19a00000000"/>
		<Metadata name="Configuration.Конфигурация.HomePageWorkArea" id="9faabbc4-001b-47ab-9b37-7cbe832877b9.8" configVersion="ad24545e32af804ab025bc2f40ab024300000000"/>
		<Metadata name="Configuration.Конфигурация.MainSectionCommandInterface" id="9faabbc4-001b-47ab-9b37-7cbe832877b9.9" configVersion="42da2aea73b9924dba14d7396d13589d00000000"/>
		<Metadata name="Document.ВыполениеЭтапаПроизводства" id="6983760b-dc0b-46ef-aec3-c0f636960f9f" configVersion="e63ccb13c8630145821bc8ea8cd4333600000000">
			<Metadata name="Document.ВыполениеЭтапаПроизводства.TabularSection.ЗатраченныеМатериалы" id="25986b92-4ae0-4b7c-8cc7-5c6641e9f3a2"/>
			<Metadata name="Document.ВыполениеЭтапаПроизводства.TabularSection.Трудозатраты.Attribute.Время" id="29c3e284-708f-4303-94ee-1d3d27a4d58b"/>
			<Metadata name="Document.ВыполениеЭтапаПроизводства.TabularSection.Трудозатраты.Attribute.ВидРаботы" id="2ae25b2b-fc12-4833-82a8-582e8e30e3ae"/>
			<Metadata name="Document.ВыполениеЭтапаПроизводства.Attribute.Номенклатура" id="2b708b25-cf64-4ebe-acd7-d3369ed5446a"/>
			<Metadata name="Document.ВыполениеЭтапаПроизводства.Attribute.Количество" id="36a60bfa-4474-4730-8ee9-322631e91f61"/>
			<Metadata name="Document.ВыполениеЭтапаПроизводства.TabularSection.ЗатраченныеМатериалы.Attribute.Количество" id="6e63f555-c678-4173-b0e8-3627a02e79ee"/>
			<Metadata name="Document.ВыполениеЭтапаПроизводства.TabularSection.Трудозатраты" id="8f3c235e-27e6-4c50-ae26-85b1ede5548d"/>
			<Metadata name="Document.ВыполениеЭтапаПроизводства.TabularSection.ЗатраченныеМатериалы.Attribute.ЕдиницаИзмерения" id="991a6996-9d34-4e77-8191-8540459e4417"/>
			<Metadata name="Document.ВыполениеЭтапаПроизводства.TabularSection.ЗатраченныеМатериалы.Attribute.Склад" id="9da810aa-bb59-418f-b45d-1f0f417cc1ea"/>
			<Metadata name="Document.ВыполениеЭтапаПроизводства.TabularSection.ЗатраченныеМатериалы.Attribute.ЗатраченныеМатериалы" id="a2a41d83-a48f-4397-be40-dab28e1daa06"/>
			<Metadata name="Document.ВыполениеЭтапаПроизводства.Attribute.Статус" id="bca8dca8-86be-445a-84e1-863df8a30e83"/>
			<Metadata name="Document.ВыполениеЭтапаПроизводства.Attribute.Склад" id="ca46f010-c4f3-4f46-951c-28e653de199c"/>
			<Metadata name="Document.ВыполениеЭтапаПроизводства.Attribute.Заказ" id="d517887f-7165-4693-84be-08dc2da195e3"/>
			<Metadata name="Document.ВыполениеЭтапаПроизводства.TabularSection.Трудозатраты.Attribute.Бригада" id="eca59ad5-1361-476d-84d8-b22be88d5935"/>
		</Metadata>
		<Metadata name="Document.ВыполениеЭтапаПроизводства.ObjectModule" id="6983760b-dc0b-46ef-aec3-c0f636960f9f.0" configVersion="0aa65f1d4dd6ed48bed5b30ba1322c3500000000"/>
		<Metadata name="Document.Заказ" id="a5f1681c-6191-4c83-94e2-83dfae925407" configVersion="6e2dba7a006f764cafc67a5d6ded895900000000">
			<Metadata name="Document.Заказ.TabularSection.СписокИзделий.Attribute.Спецификации" id="01baea7a-4912-45d4-8516-7c3d701a6d55"/>
			<Metadata name="Document.Заказ.TabularSection.СписокИзделий.Attribute.Номенклатура" id="055b2f1e-4652-45d3-810d-6d740df143ad"/>
			<Metadata name="Document.Заказ.TabularSection.СписокИзделий.Attribute.ЕдиницаИзмерения" id="914b0f1a-cfc2-42e9-ab42-4021d489a4ce"/>
			<Metadata name="Document.Заказ.TabularSection.СписокИзделий" id="a5990e30-5b36-4106-ae3a-c283ede06926"/>
			<Metadata name="Document.Заказ.TabularSection.СписокИзделий.Attribute.Количество" id="eedf0eeb-2559-421a-880e-61c765ea2fa7"/>
		</Metadata>
		<Metadata name="Document.Заказ.Form.ФормаДокумента" id="477880f8-951a-4b60-bd60-b029597c4b5c" configVersion="7adbf770f773ed4880e2d59bdc213b4f00000000"/>
		<Metadata name="Document.Заказ.Form.ФормаДокумента.Form" id="477880f8-951a-4b60-bd60-b029597c4b5c.0" configVersion="15ada9e5c54b654ca476b87114dad5fc00000000"/>
		<Metadata name="Document.Заказ.ObjectModule" id="a5f1681c-6191-4c83-94e2-83dfae925407.0" configVersion="c909867dd6c3a6448693140c18b3684b00000000"/>
		<Metadata name="Document.Закупка" id="b3a07205-87db-4662-be10-ab13147669e9" configVersion="887e8df2d0f1b34ab152c35b09cbfb0800000000">
			<Metadata name="Document.Закупка.TabularSection.Закупка" id="1443b15b-4abc-4e89-923c-1a27011baa99"/>
			<Metadata name="Document.Закупка.TabularSection.Закупка.Attribute.Цена" id="15cc1538-ba39-427c-9ed6-24ead6fa5c18"/>
			<Metadata name="Document.Закупка.TabularSection.Закупка.Attribute.Количество" id="6b6eb259-1328-4419-bf48-a2d8aa76861e"/>
			<Metadata name="Document.Закупка.TabularSection.Закупка.Attribute.Материал" id="79fca514-0082-4825-b208-39567b97317f"/>
			<Metadata name="Document.Закупка.TabularSection.Закупка.Attribute.Сумма" id="8c56bd15-a4a9-49c2-a6b1-47fe6ad37e19"/>
			<Metadata name="Document.Закупка.Attribute.Склад" id="97160239-e994-4366-95e1-253a723b4051"/>
		</Metadata>
		<Metadata name="Document.Закупка.Form.ФормаДокумента" id="46cbf8bd-32b9-449c-86af-d5a807064afd" configVersion="be1df678a7aef34aac297094b611cfb000000000"/>
		<Metadata name="Document.Закупка.Form.ФормаДокумента.Form" id="46cbf8bd-32b9-449c-86af-d5a807064afd.0" configVersion="616249b0de189044b64673c11ac7948800000000"/>
		<Metadata name="Document.Закупка.ObjectModule" id="b3a07205-87db-4662-be10-ab13147669e9.0" configVersion="ea2f39ea2e288f43bf57f9e79cc11b8c00000000"/>
		<Metadata name="Document.Перенос" id="a8f5a415-f31a-4554-9a70-1ac892784978" configVersion="d757acb86a24be4c91d24485e15a2dfe00000000">
			<Metadata name="Document.Перенос.Attribute.СкладОтправитель" id="3110a800-5376-4390-8e0d-1116f20038a2"/>
			<Metadata name="Document.Перенос.Attribute.СкладПриниматель" id="7d456cfe-f73e-4b27-8e5f-81ec3b5478d0"/>
			<Metadata name="Document.Перенос.TabularSection.Перенос" id="a545903c-6c68-47a9-8b87-208fa05fd1b6"/>
			<Metadata name="Document.Перенос.TabularSection.Перенос.Attribute.Количество" id="b3c6757d-4911-4a2e-8239-e052934d0fad"/>
			<Metadata name="Document.Перенос.TabularSection.Перенос.Attribute.Материал" id="bd60eb27-f787-4845-a87f-3e4c4f8add54"/>
		</Metadata>
		<Metadata name="Document.Перенос.ObjectModule" id="a8f5a415-f31a-4554-9a70-1ac892784978.0" configVersion="e8f463305fea2245bb8c9d8ca61d104b00000000"/>
		<Metadata name="Document.Поступление" id="ead77668-b74c-47fa-b61e-d255652807a5" configVersion="21ba822e4aacfe43b8138ae0eca3505800000000">
			<Metadata name="Document.Поступление.TabularSection.Номенклатура" id="2dbab1f9-00b9-4311-9e60-8a9523eef7f1"/>
			<Metadata name="Document.Поступление.TabularSection.Номенклатура.Attribute.Количество" id="3a02236d-d0a0-44aa-bf53-75b4ba6ab272"/>
			<Metadata name="Document.Поступление.Attribute.ИтоговаяСумма" id="75c58e4e-572e-4232-956c-2b6fbfd918b8"/>
			<Metadata name="Document.Поступление.TabularSection.Номенклатура.Attribute.Цена" id="c03d8e2b-fbc6-430d-a606-068b1a76d2f8"/>
			<Metadata name="Document.Поступление.Attribute.Поставщик" id="c6aa5080-36d8-4d4e-a00e-9cfec61117a2"/>
			<Metadata name="Document.Поступление.TabularSection.Номенклатура.Attribute.Сумма" id="efbb0324-807e-44e6-9f7d-65d183e8988a"/>
			<Metadata name="Document.Поступление.TabularSection.Номенклатура.Attribute.Товар" id="f74378d2-ba75-4f37-8b3e-78abf2f9dbb9"/>
		</Metadata>
		<Metadata name="Document.Поступление.Form.ФормаДокумента" id="bf49419c-96a9-45ce-a8b9-bff64c9cdd9d" configVersion="59bd6fd71851944eba2923c7dba44c7900000000"/>
		<Metadata name="Document.Поступление.Form.ФормаДокумента.Form" id="bf49419c-96a9-45ce-a8b9-bff64c9cdd9d.0" configVersion="1cf938dfed4a76428a5ce2c6955caa8d00000000"/>
		<Metadata name="Document.Поступление.ObjectModule" id="ead77668-b74c-47fa-b61e-d255652807a5.0" configVersion="1e756aaacb999b479474e7c538a5d4f100000000"/>
		<Metadata name="Document.ПоступлениеПодвал" id="b00cc25f-fb30-4da0-9466-1612634d6f16" configVersion="7d27ee927be62246935ff0487e8c1aca00000000">
			<Metadata name="Document.ПоступлениеПодвал.TabularSection.Номенклатура.Attribute.Количество" id="16b1638e-3435-4c41-a266-ee2c895394e9"/>
			<Metadata name="Document.ПоступлениеПодвал.TabularSection.Номенклатура.Attribute.Сумма" id="3aef68a0-8c29-489d-b065-2815819c90a9"/>
			<Metadata name="Document.ПоступлениеПодвал.Attribute.Поставщик" id="a03fa5b0-89e5-4862-91ff-252d382c64a3"/>
			<Metadata name="Document.ПоступлениеПодвал.TabularSection.Номенклатура" id="ba2d5911-f4a7-4d68-a13a-81dc7ad8be5c"/>
			<Metadata name="Document.ПоступлениеПодвал.TabularSection.Номенклатура.Attribute.Товар" id="c2ada568-e81a-422d-8ca1-277c0da05ded"/>
			<Metadata name="Document.ПоступлениеПодвал.TabularSection.Номенклатура.Attribute.Цена" id="c585e434-36e5-44e1-b8b8-9889494a4842"/>
		</Metadata>
		<Metadata name="Document.ПоступлениеПодвал.AdditionalIndexes" id="b00cc25f-fb30-4da0-9466-1612634d6f16.3" configVersion="df756e51655bc04e92dbcbd8d3e3be1600000000"/>
		<Metadata name="Document.ПоступлениеПодвал.Form.ФормаДокумента" id="111d914c-4343-485f-a7f8-41a842bd5a17" configVersion="648cdff7759ad64da1f0813e75c7917b00000000"/>
		<Metadata name="Document.ПоступлениеПодвал.Form.ФормаДокумента.Form" id="111d914c-4343-485f-a7f8-41a842bd5a17.0" configVersion="d3a4c610d6b7204b9ef57683c68bdbf400000000"/>
		<Metadata name="Document.ПоступлениеПодвал.Form.ФормаДокумента.Help" id="111d914c-4343-485f-a7f8-41a842bd5a17.1" configVersion="1663f89370e51943a81fa0c85085ce2900000000"/>
		<Metadata name="Document.ПоступлениеПодвал.Help" id="b00cc25f-fb30-4da0-9466-1612634d6f16.1" configVersion="2cc60db966de83459eb7996175607aa400000000"/>
		<Metadata name="Document.ПоступлениеПодвал.ManagerModule" id="b00cc25f-fb30-4da0-9466-1612634d6f16.2" configVersion="536f7d967d4a2b418ba508685143874400000000"/>
		<Metadata name="Document.ПоступлениеПодвал.ObjectModule" id="b00cc25f-fb30-4da0-9466-1612634d6f16.0" configVersion="a3058dc277f23845b7bee8096d09e3b500000000"/>
		<Metadata name="Document.Производство" id="88c2a20a-33f4-4798-8962-b616909202e1" configVersion="4a8453e7cd51d940a39982d3cf3f9bca00000000">
			<Metadata name="Document.Производство.Attribute.ЗаказНаПроизводство" id="0c55f012-94a4-4459-9a99-5e41873be0c0"/>
			<Metadata name="Document.Производство.TabularSection.СписокИзделий.Attribute.Количество" id="100d041b-1379-495d-9c96-a36f10265751"/>
			<Metadata name="Document.Производство.TabularSection.СписокИзделий.Attribute.Номенклатура" id="324ed37a-4b8e-4f8a-b018-11951b24d737"/>
			<Metadata name="Document.Производство.TabularSection.СписокИзделий" id="9c805c44-7012-42af-a8e5-153ef44ce556"/>
		</Metadata>
		<Metadata name="Document.Производство.AdditionalIndexes" id="88c2a20a-33f4-4798-8962-b616909202e1.3" configVersion="405b0f162491db4a9016e69a068c1da400000000"/>
		<Metadata name="Document.Производство.Help" id="88c2a20a-33f4-4798-8962-b616909202e1.1" configVersion="eb89733e10bdb24f894b3fa2de0532ed00000000"/>
		<Metadata name="Document.Производство.ManagerModule" id="88c2a20a-33f4-4798-8962-b616909202e1.2" configVersion="8219a691f618c24a90cdd40a809ece1d00000000"/>
		<Metadata name="Document.Производство.ObjectModule" id="88c2a20a-33f4-4798-8962-b616909202e1.0" configVersion="8c73d9595a167940985083f137cce99e00000000"/>
		<Metadata name="Document.РасчетСебестоимости" id="0c930a4a-1c79-4b71-8237-7a796bccffaf" configVersion="cdd6e20bf3531142b190a150de69070b00000000">
			<Metadata name="Document.РасчетСебестоимости.Attribute.Номенклатура" id="1b714b04-be53-463e-8e24-e16ebbee0a96"/>
			<Metadata name="Document.РасчетСебестоимости.TabularSection.Себестоимость.Attribute.Цена" id="5c561ae6-2a3c-4a8c-82be-66d4406f788d"/>
			<Metadata name="Document.РасчетСебестоимости.TabularSection.Себестоимость" id="84ced921-59b0-422a-b15f-1377484b6866"/>
			<Metadata name="Document.РасчетСебестоимости.TabularSection.Себестоимость.Attribute.Сумма" id="bac9ca46-82e9-4493-b186-99ee334d9c08"/>
			<Metadata name="Document.РасчетСебестоимости.TabularSection.Себестоимость.Attribute.Материал" id="cf3b740e-3edd-484b-99c8-7ffdeca743a4"/>
			<Metadata name="Document.РасчетСебестоимости.TabularSection.Себестоимость.Attribute.Трудозатраты" id="d91897ec-10be-4f70-b12c-38bc1a544b2a"/>
			<Metadata name="Document.РасчетСебестоимости.TabularSection.Себестоимость.Attribute.ВидРаботы" id="efc0edb6-8bf3-4f61-80a5-2431843e6f12"/>
			<Metadata name="Document.РасчетСебестоимости.TabularSection.Себестоимость.Attribute.Количество" id="feef23f5-cc4f-40ff-ac8f-5d1144dea4d7"/>
		</Metadata>
		<Metadata name="Document.РасчетСебестоимости.Form.ФормаДокумента" id="e148102a-a73d-4070-ab14-d811ee2a8488" configVersion="d4dc7e6b47bcd44492503a741316cc7200000000"/>
		<Metadata name="Document.РасчетСебестоимости.Form.ФормаДокумента.Form" id="e148102a-a73d-4070-ab14-d811ee2a8488.0" configVersion="d209b6183a5f39439de24fae5711a6c600000000"/>
		<Metadata name="Document.РасчетСебестоимости.ObjectModule" id="0c930a4a-1c79-4b71-8237-7a796bccffaf.0" configVersion="2095d57ff74ee04e86b086a149cd8fef00000000"/>
		<Metadata name="Document.Реализация" id="be4bde2b-bdc0-4fc5-a49a-534fceb7eb44" configVersion="d5083099fa9d8c45abe8f4c7cd268fac00000000">
			<Metadata name="Document.Реализация.TabularSection.Реализация.Attribute.Цена" id="0d1cefaf-ee2c-45f6-9f3c-87bd819ad28c"/>
			<Metadata name="Document.Реализация.TabularSection.Реализация.Attribute.ГотоваяПродукция" id="5051baeb-2e25-40df-a139-70b58bd57a7a"/>
			<Metadata name="Document.Реализация.TabularSection.Реализация.Attribute.Сумма" id="7561f1d8-f5cd-47d4-97aa-ec5205e9c2f6"/>
			<Metadata name="Document.Реализация.Attribute.Склад" id="9c919465-6239-4f14-afb4-e9676ce06b13"/>
			<Metadata name="Document.Реализация.TabularSection.Реализация" id="b0d02f63-2891-427b-9c53-4367f4fc301b"/>
			<Metadata name="Document.Реализация.TabularSection.Реализация.Attribute.Количество" id="e8b1e732-3407-41e9-b255-68246ecf3af3"/>
		</Metadata>
		<Metadata name="Document.Реализация.Form.ФормаДокумента" id="b0300a02-3c8f-4892-8a4e-e75455143449" configVersion="d38573bdff178c4581f13bd33904226e00000000"/>
		<Metadata name="Document.Реализация.Form.ФормаДокумента.Form" id="b0300a02-3c8f-4892-8a4e-e75455143449.0" configVersion="183373fc37ddc542a63e2640c5d93bfc00000000"/>
		<Metadata name="Document.Реализация.ObjectModule" id="be4bde2b-bdc0-4fc5-a49a-534fceb7eb44.0" configVersion="49d7b83fe343294aba998ab5ac6ea8f200000000"/>
		<Metadata name="Enum.Единица_измерения" id="626d39a5-9498-48c4-94b0-27344f00f329" configVersion="3a928a67385cc945901fe151a244ccbc00000000">
			<Metadata name="Enum.Единица_измерения.EnumValue.Литры" id="11592087-9e08-4063-88b0-cd3ae61aca17"/>
			<Metadata name="Enum.Единица_измерения.EnumValue.г" id="95d367e9-264d-49db-9bfc-150f73bc9276"/>
			<Metadata name="Enum.Единица_измерения.EnumValue.т" id="97ee9d0b-eb2a-4cf7-b1f5-55fd7a4a6864"/>
			<Metadata name="Enum.Единица_измерения.EnumValue.Объем" id="e277b52e-c943-4e33-9232-6b6e4c1b559e"/>
			<Metadata name="Enum.Единица_измерения.EnumValue.кг" id="e8839df3-56aa-4e64-93eb-efe8005aff71"/>
		</Metadata>
		<Metadata name="Enum.Статус" id="a097769d-dec4-4118-8b6c-be59292362a4" configVersion="02118ae2fc13f84f84c3bac7b75e2b8200000000">
			<Metadata name="Enum.Статус.EnumValue.Активная" id="49d23de3-f616-478c-9d95-e2c07f44d374"/>
			<Metadata name="Enum.Статус.EnumValue.Архивная" id="cef08b13-6620-43fb-b351-5dc10a37e1fd"/>
		</Metadata>
		<Metadata name="Enum.СтатусЭтапаПроизводства" id="7ea40586-a886-4a5a-b53f-993f5e108d28" configVersion="37a298553177c241aae4a434707ef37c00000000">
			<Metadata name="Enum.СтатусЭтапаПроизводства.EnumValue.ВРаботе" id="69a5243e-12ff-4e17-a6be-de902fe5fce9"/>
			<Metadata name="Enum.СтатусЭтапаПроизводства.EnumValue.Запланирован" id="70fc3d92-f87b-400e-986b-792f78b9646e"/>
			<Metadata name="Enum.СтатусЭтапаПроизводства.EnumValue.Завершен" id="d140aa2f-a034-4916-ae65-de301194e422"/>
		</Metadata>
		<Metadata name="Enum.Тип" id="fd637201-36f4-4e1e-b780-a96a7cdd7d3a" configVersion="822428918e080145b494cb2811bf5b9300000000">
			<Metadata name="Enum.Тип.EnumValue.Полуфабрикат" id="2dd3151f-0127-4aab-b32a-394aea62da58"/>
			<Metadata name="Enum.Тип.EnumValue.Готовая_продукция" id="7aabab79-d933-4f00-b0a3-c816f5e26513"/>
			<Metadata name="Enum.Тип.EnumValue.Сырье" id="88d0ecf3-4e55-41f3-bbc8-02b59586693d"/>
		</Metadata>
		<Metadata name="InformationRegister.Файлы" id="b092f893-3e7d-497c-a53d-ea38772250c4" configVersion="56b6b66e71082e4c8ec1ae8215db1a0200000000">
			<Metadata name="InformationRegister.Файлы.Dimension.Объект" id="27f1cc63-3db4-41b4-9ac0-c3699d95e649"/>
			<Metadata name="InformationRegister.Файлы.Attribute.РазмерФайла" id="492d7cbe-1ac4-4cdc-b173-03ab524e0a79"/>
			<Metadata name="InformationRegister.Файлы.Attribute.РасширениеФайла" id="52a37ede-99ee-4525-b34f-86695afed951"/>
			<Metadata name="InformationRegister.Файлы.Resource.ДанныеФайла" id="77f38f45-8c81-431d-bb02-35a91500359c"/>
		</Metadata>
		<Metadata name="InformationRegister.Файлы.ManagerModule" id="b092f893-3e7d-497c-a53d-ea38772250c4.2" configVersion="a2fedefbb08c194aac64c45fa1c1c19b00000000"/>
		<Metadata name="Language.Русский" id="838135ab-0bec-46c8-94ad-67a2f90d587b" configVersion="c4d2e87ca13db3448dce98f2294d9b2800000000"/>
		<Metadata name="Report.ОтчетГотовойПродукции" id="5cd9d102-38fa-4863-b0e8-3355ef18a2c3" configVersion="012c272aa085064cbe32e7a70295dc3400000000"/>
		<Metadata name="Report.ОтчетГотовойПродукции.Template.ОсновнаяСхемаКомпоновкиДанных" id="d0cdf76e-988a-45c5-a562-7fc006942318" configVersion="4b962741c2028c47926b074363fd524d00000000"/>
		<Metadata name="Report.ОтчетГотовойПродукции.Template.ОсновнаяСхемаКомпоновкиДанных.Template" id="d0cdf76e-988a-45c5-a562-7fc006942318.0" configVersion="5c5453d530ad1a4d8e86d7baeac0229300000000"/>
		<Metadata name="Report.ОтчетОстаткиМатериалов" id="accc3fd5-96a0-46eb-a752-9a85c53337ee" configVersion="ea9e35864edb374e8589038ed08a7c9200000000"/>
		<Metadata name="Report.ОтчетОстаткиМатериалов.Template.ОсновнаяСхемаКомпоновкиДанных" id="3a7da0f2-cc11-4b72-8c05-f043b06ae657" configVersion="bd241923e6f71f45a1c2c0ae6fc61bff00000000"/>
		<Metadata name="Report.ОтчетОстаткиМатериалов.Template.ОсновнаяСхемаКомпоновкиДанных.Template" id="3a7da0f2-cc11-4b72-8c05-f043b06ae657.0" configVersion="2130f5fbfb547444ba4cb883fd3844da00000000"/>
		<Metadata name="Report.ОтчетПоВыпускуГотовойПродукции" id="afd4ea55-de63-40f9-a22d-973ad524c747" configVersion="b6404da97013e84089c8d02f1f22120700000000"/>
		<Metadata name="Report.ОтчетПоВыпускуГотовойПродукции.Template.ОсновнаяСхемаКомпоновкиДанных" id="8ece5994-f684-4d35-ae17-56f332739382" configVersion="86b93ac8208f2d4aab0cf13ec619632c00000000"/>
		<Metadata name="Report.ОтчетПоВыпускуГотовойПродукции.Template.ОсновнаяСхемаКомпоновкиДанных.Template" id="8ece5994-f684-4d35-ae17-56f332739382.0" configVersion="e4ed02b36e4d7a4aaa32254defdddc1700000000"/>
		<Metadata name="Report.ОтчетПоСкладам" id="33365128-1ab5-4c0d-bb56-06e909733ef4" configVersion="3394d0c3a3d669449ff5ed9dde40cfcc00000000"/>
		<Metadata name="Report.ОтчетПоСкладам.Template.ОсновнаяСхемаКомпоновкиДанных" id="8592c335-49a9-451a-81ac-727e2a6e3187" configVersion="b11f27caa7e18944bca631a5c7fccb2e00000000"/>
		<Metadata name="Report.ОтчетПоСкладам.Template.ОсновнаяСхемаКомпоновкиДанных.Template" id="8592c335-49a9-451a-81ac-727e2a6e3187.0" configVersion="75c0e0511edad844a069f64776a084e400000000"/>
		<Metadata name="Report.ОтчетСебестоимостиВыпущенный" id="63ae616f-f90c-4812-8215-3a9e4c02cfbc" configVersion="940496983789f3458347b0f4754b651800000000"/>
		<Metadata name="Report.ОтчетСебестоимостиВыпущенный.Template.ОсновнаяСхемаКомпоновкиДанных" id="eb637878-9163-4343-bb75-f1fca3e3e57a" configVersion="a0a230cfe1c882418b3293bb38138b3800000000"/>
		<Metadata name="Report.ОтчетСебестоимостиВыпущенный.Template.ОсновнаяСхемаКомпоновкиДанных.Template" id="eb637878-9163-4343-bb75-f1fca3e3e57a.0" configVersion="7a7f4981e9f94e4da492bba6d1d522fd00000000"/>
		<Metadata name="Subsystem.Закупки" id="eaa2da4a-5dba-4bce-9ecf-78ff56e40d4c" configVersion="769f16b7535a3d4fbd0d48138aeb927500000000"/>
		<Metadata name="Subsystem.Закупки.Subsystem.Закупка" id="02b70c0c-996a-4d72-9c5a-500cf3ea1cc6" configVersion="2221ce69ebfd9141ac1e02bd812cbe0d00000000"/>
		<Metadata name="Subsystem.Продажи" id="edf56d61-28d6-4a55-9b39-8bbda5e800be" configVersion="f755829518bbcf4fb534b7b274f5c0f600000000"/>
		<Metadata name="Subsystem.Продажи.Subsystem.Продажа" id="995326ee-4d89-4678-93fb-2b6793a4fc92" configVersion="98ae9190fa330d4dab4c274554565d8800000000"/>
		<Metadata name="Subsystem.Производство" id="c02a4491-8976-4c36-9849-68b7846035b2" configVersion="f552c3b1df04f146b51dc278f3c5753f00000000"/>
		<Metadata name="Subsystem.Производство.Subsystem.Производство" id="761460c9-76ac-4911-927d-08c0ce519ca6" configVersion="bc944a38d06e1b4f80ba0fc17b6b01bb00000000"/>
		<Metadata name="Subsystem.Прочее" id="403d2dbc-c417-4fe6-945f-1636979c070a" configVersion="ab43b38d692fd34a9d0e58423768ccfe00000000"/>
		<Metadata name="Subsystem.Прочее.CommandInterface" id="403d2dbc-c417-4fe6-945f-1636979c070a.1" configVersion="1c29257edb9ddf45a975e5f42b63f72b00000000"/>
		<Metadata name="Subsystem.Прочее.Subsystem.Картинки" id="4e2863bd-df1a-4438-9cb5-9c847b9af718" configVersion="ca758382ba46344891c7961ab7f2244900000000"/>
		<Metadata name="Subsystem.Прочее.Subsystem.Отчеты" id="34d16cbe-fb3c-422e-bf29-5e3877fe4309" configVersion="55a99526956ce64c8ddbfc26857e014000000000"/>
		<Metadata name="Subsystem.Прочее.Subsystem.Прочее" id="9bb2702d-8470-4264-b71f-785d84877589" configVersion="51641fd25aff6c46ba330020e9198a0800000000"/>
		<Metadata name="Subsystem.Прочее.Subsystem.РегистрыНакопления" id="16da40d4-5a7b-4abd-b916-e922874fec9c" configVersion="af3820f5d2f50141875f107c6013975c00000000"/>
		<Metadata name="Subsystem.Прочее.Subsystem.Справочники" id="6fdf6b1d-07b4-4d34-9c28-6c83c7862bae" configVersion="5732cc6412e3234192a3f8a52c233cb700000000"/>
	</ConfigVersions>
</ConfigDumpInfo>