﻿<?xml version="1.0" encoding="UTF-8"?>
<CommandInterface xmlns="http://v8.1c.ru/8.3/xcf/extrnprops" xmlns:xr="http://v8.1c.ru/8.3/xcf/readable" xmlns:xs="http://www.w3.org/2001/XMLSchema" xmlns:xsi="http://www.w3.org/2001/XMLSchema-instance" version="2.20">
	<SubsystemsOrder>
		<Subsystem>Subsystem.Прочее.Subsystem.Справочники</Subsystem>
		<Subsystem>80dbef3b-7ec6-479d-b749-8f72877e749b</Subsystem>
		<Subsystem>Subsystem.Прочее.Subsystem.РегистрыНакопления</Subsystem>
	</SubsystemsOrder>
</CommandInterface>