﻿<?xml version="1.0" encoding="UTF-8"?>
<CommandInterface xmlns="http://v8.1c.ru/8.3/xcf/extrnprops" xmlns:xr="http://v8.1c.ru/8.3/xcf/readable" xmlns:xs="http://www.w3.org/2001/XMLSchema" xmlns:xsi="http://www.w3.org/2001/XMLSchema-instance" version="2.20">
	<CommandsVisibility>
		<Command name="CommonForm.ФормаПолученияIssue.StandardCommand.Open">
			<Visibility>
				<xr:Common>true</xr:Common>
			</Visibility>
		</Command>
	</CommandsVisibility>
	<CommandsPlacement>
		<Command name="CommonForm.ФормаПолученияIssue.StandardCommand.Open">
			<CommandGroup>ActionsPanelTools</CommandGroup>
			<Placement>Manual</Placement>
		</Command>
	</CommandsPlacement>
</CommandInterface>