﻿<?xml version="1.0" encoding="UTF-8"?>
<Form xmlns="http://v8.1c.ru/8.3/xcf/logform" xmlns:app="http://v8.1c.ru/8.2/managed-application/core" xmlns:cfg="http://v8.1c.ru/8.1/data/enterprise/current-config" xmlns:dcscor="http://v8.1c.ru/8.1/data-composition-system/core" xmlns:dcssch="http://v8.1c.ru/8.1/data-composition-system/schema" xmlns:dcsset="http://v8.1c.ru/8.1/data-composition-system/settings" xmlns:ent="http://v8.1c.ru/8.1/data/enterprise" xmlns:lf="http://v8.1c.ru/8.2/managed-application/logform" xmlns:style="http://v8.1c.ru/8.1/data/ui/style" xmlns:sys="http://v8.1c.ru/8.1/data/ui/fonts/system" xmlns:v8="http://v8.1c.ru/8.1/data/core" xmlns:v8ui="http://v8.1c.ru/8.1/data/ui" xmlns:web="http://v8.1c.ru/8.1/data/ui/colors/web" xmlns:win="http://v8.1c.ru/8.1/data/ui/colors/windows" xmlns:xr="http://v8.1c.ru/8.3/xcf/readable" xmlns:xs="http://www.w3.org/2001/XMLSchema" xmlns:xsi="http://www.w3.org/2001/XMLSchema-instance" version="2.20">
	<AutoCommandBar name="ФормаКоманднаяПанель" id="-1"/>
	<ChildItems>
		<InputField name="Промпт" id="17">
			<DataPath>Промпт</DataPath>
			<ExtendedEditMultipleValues>true</ExtendedEditMultipleValues>
			<ContextMenu name="ПромптКонтекстноеМеню" id="18"/>
			<ExtendedTooltip name="ПромптРасширеннаяПодсказка" id="19"/>
		</InputField>
		<Button name="Получить" id="6">
			<Type>UsualButton</Type>
			<CommandName>Form.Command.Получить</CommandName>
			<ExtendedTooltip name="ПолучитьРасширеннаяПодсказка" id="7"/>
		</Button>
		<InputField name="РезультатСтрока" id="8">
			<DataPath>КодСостояния</DataPath>
			<ExtendedEditMultipleValues>true</ExtendedEditMultipleValues>
			<ContextMenu name="РезультатСтрокаКонтекстноеМеню" id="9"/>
			<ExtendedTooltip name="РезультатСтрокаРасширеннаяПодсказка" id="10"/>
		</InputField>
		<TextDocumentField name="Результат" id="1">
			<DataPath>Результат</DataPath>
			<ContextMenu name="РезультатКонтекстноеМеню" id="2"/>
			<ExtendedTooltip name="РезультатРасширеннаяПодсказка" id="3"/>
		</TextDocumentField>
	</ChildItems>
	<Attributes>
		<Attribute name="Результат" id="1">
			<Title>
				<v8:item>
					<v8:lang>ru</v8:lang>
					<v8:content>Результат</v8:content>
				</v8:item>
			</Title>
			<Type>
				<v8:Type xmlns:d5p1="http://v8.1c.ru/8.1/data/txtedt">d5p1:TextDocument</v8:Type>
			</Type>
		</Attribute>
		<Attribute name="КодСостояния" id="2">
			<Title>
				<v8:item>
					<v8:lang>ru</v8:lang>
					<v8:content>Код состояния</v8:content>
				</v8:item>
			</Title>
			<Type>
				<v8:Type>xs:string</v8:Type>
				<v8:StringQualifiers>
					<v8:Length>0</v8:Length>
					<v8:AllowedLength>Variable</v8:AllowedLength>
				</v8:StringQualifiers>
			</Type>
		</Attribute>
		<Attribute name="Токен" id="3">
			<Title>
				<v8:item>
					<v8:lang>ru</v8:lang>
					<v8:content>Токен</v8:content>
				</v8:item>
			</Title>
			<Type>
				<v8:Type>xs:string</v8:Type>
				<v8:StringQualifiers>
					<v8:Length>0</v8:Length>
					<v8:AllowedLength>Variable</v8:AllowedLength>
				</v8:StringQualifiers>
			</Type>
		</Attribute>
		<Attribute name="АйдиПроекта" id="4">
			<Title>
				<v8:item>
					<v8:lang>ru</v8:lang>
					<v8:content>Айди проекта</v8:content>
				</v8:item>
			</Title>
			<Type>
				<v8:Type>xs:string</v8:Type>
				<v8:StringQualifiers>
					<v8:Length>0</v8:Length>
					<v8:AllowedLength>Variable</v8:AllowedLength>
				</v8:StringQualifiers>
			</Type>
		</Attribute>
		<Attribute name="Промпт" id="5">
			<Title>
				<v8:item>
					<v8:lang>ru</v8:lang>
					<v8:content>Промпт</v8:content>
				</v8:item>
			</Title>
			<Type>
				<v8:Type>xs:string</v8:Type>
				<v8:StringQualifiers>
					<v8:Length>0</v8:Length>
					<v8:AllowedLength>Variable</v8:AllowedLength>
				</v8:StringQualifiers>
			</Type>
		</Attribute>
	</Attributes>
	<Commands>
		<Command name="Получить" id="1">
			<Title>
				<v8:item>
					<v8:lang>ru</v8:lang>
					<v8:content>Получить</v8:content>
				</v8:item>
			</Title>
			<ToolTip>
				<v8:item>
					<v8:lang>ru</v8:lang>
					<v8:content>Получить</v8:content>
				</v8:item>
			</ToolTip>
			<Action>Получить</Action>
		</Command>
	</Commands>
</Form>